INSERT INTO `f_code_d` (`i_f`, `val`) VALUES
                                          (1, '라면'),
                                          (2, '분식'),
                                          (3, '식품'),
                                          (4, '음료'),
                                          (5, '과자'),
                                          (6, '기타');

INSERT INTO `s_code_d` (`s_no`, `s_val`) VALUES
                                             (1, 'A1'),
                                             (2, 'A2'),
                                             (3, 'A3'),
                                             (4, 'A4'),
                                             (5, 'A5'),
                                             (6, 'A6'),
                                             (7, 'A7'),
                                             (8, 'A8'),
                                             (9, 'B1'),
                                             (10, 'B2'),
                                             (11, 'B3'),
                                             (12, 'B4'),
                                             (13, 'B5'),
                                             (14, 'B6'),
                                             (15, 'B7'),
                                             (16, 'B8'),
                                             (17, 'C1'),
                                             (18, 'C2'),
                                             (19, 'C3'),
                                             (20, 'C4'),
                                             (21, 'C5'),
                                             (22, 'C6'),
                                             (23, 'C7'),
                                             (24, 'C8'),
                                             (25, 'D1'),
                                             (26, 'D2'),
                                             (27, 'D3'),
                                             (28, 'D4'),
                                             (29, 'D5'),
                                             (30, 'D6'),
                                             (31, 'D7'),
                                             (32, 'D8'),
                                             (33, 'E1'),
                                             (34, 'E2'),
                                             (35, 'E3'),
                                             (36, 'E4'),
                                             (37, 'E5'),
                                             (38, 'E6'),
                                             (39, 'E7'),
                                             (40, 'E8'),
                                             (41, 'F1'),
                                             (42, 'F2'),
                                             (43, 'F3'),
                                             (44, 'F4'),
                                             (45, 'F5'),
                                             (46, 'F6'),
                                             (47, 'F7'),
                                             (48, 'F8'),
                                             (49, 'G1'),
                                             (50, 'G2'),
                                             (51, 'G3'),
                                             (52, 'G4'),
                                             (53, 'G5'),
                                             (54, 'G6'),
                                             (55, 'G7'),
                                             (56, 'G8');

INSERT INTO `t_food` (`seq`, `i_f`, `f_price`, `f_pic`, `f_name`) VALUES
                                                                      (1, 1, 3000, 'https://search.pstatic.net/common/?src=http%3A%2F%2Fshop1.phinf.naver.net%2F20190617_217%2Fncp_1nqmk1_01_1560771433343xUdIX_JPEG%2Fv1.jpg&type=sc960_832', '신라면'),
                                                                      (2, 1, 3000, 'https://search.pstatic.net/common/?src=http%3A%2F%2Fcafefiles.naver.net%2F20130128_31%2Fdream121001_1359362153387xHa5v_JPEG%2F%25BE%25C8%25BC%25BA%25C5%25C1%25B8%25E9.jpg&type=sc960_832', '안성탕면'),
                                                                      (3, 1, 3000, 'https://search.pstatic.net/common/?src=http%3A%2F%2Fblogfiles.naver.net%2FMjAxODAzMjBfNjMg%2FMDAxNTIxNDczNzUzMzY5.wsU5yyFDOfVsH9bS6-C1Pcv8LeC_oveEnEuKjS_NTC0g.aG5aWJg66ssDgFra5-QGEij4kmvyNqQTswR2ftB8BIYg.JPEG.mark564%2F600.jpg&type=sc960_832', '오징어짬뽕'),
                                                                      (4, 1, 3500, 'http://image.nongshim.com/non/pro/1447924027938.jpg', '짜파게티'),
                                                                      (5, 1, 3500, 'https://search.pstatic.net/common/?src=http%3A%2F%2Fblogfiles.naver.net%2FMjAyMDAzMDFfMTEy%2FMDAxNTgzMDI1NzgzODcx.iCD-Xzc3y5Nny_chpjROOE6bIDnfF110QGvVpONqvQ8g.Muv1FtD51begqnUJz-WNDBXTM_sPSvmjwnCqRiW8rEMg.JPEG.posk0501%2Fcc96849da3e342eeb8ba2a00ee87ceadde557b7f25e3be.jpg&type=sc960_832', '사천짜파게티'),
                                                                      (6, 1, 3500, 'https://search.pstatic.net/common/?src=http%3A%2F%2Fimgnews.naver.net%2Fimage%2F001%2F2020%2F06%2F02%2FAKR20200602087400030_02_i_P4_20200602115110607.jpg&type=sc960_832', '팔도비빔면'),
                                                                      (7, 1, 3000, 'https://www.costco.co.kr/medias/sys_master/images/h16/h00/17480497725470.jpg', '진라면(매)'),
                                                                      (8, 1, 3000, 'https://www.costco.co.kr/medias/sys_master/images/hdf/hbe/17368667029534.jpg', '진라면(순)'),
                                                                      (9, 1, 3000, 'https://www.costco.co.kr/medias/sys_master/images/h89/h03/28736559677470.jpg', '참깨라면'),
                                                                      (10, 1, 3000, 'https://search.pstatic.net/common/?src=http%3A%2F%2Fblogfiles.naver.net%2FMjAxNzA2MjlfOTAg%2FMDAxNDk4NzQ1NzE5MjA5.XIzQnBmLtDG7vfEMVy5_81ITRQZFMnGRYjlb9OeVE94g.GXOlMjPQSm9omLIcl3iJOX8FEhiEL3mIiuEJhJJzIFMg.JPEG.kjutaeng29%2Fdirmfjalda_1.jpg&type=sc960_832', '삼양라면'),
                                                                      (11, 1, 3500, 'https://www.samyangfoods.com/upload/product/20200309/20200309161335950019.jpg', '불닭볶음면'),
                                                                      (12, 2, 3000, 'https://search.pstatic.net/common/?src=https%3A%2F%2Fldb-phinf.pstatic.net%2F20190228_74%2F1551346786730MCI03_PNG%2FsY1saFz3LIUw_tNBMEbeWPzX.png&type=sc960_832', '신전떡볶이'),
                                                                      (13, 2, 3000, 'https://search.pstatic.net/common/?src=https%3A%2F%2Fldb-phinf.pstatic.net%2F20190927_184%2F1569591022749AKchQ_PNG%2FFSOG_L-4RXYB-Gc75Aqkqg-C.png&type=sc960_832', '꼬마김밥'),
                                                                      (14, 2, 3000, 'https://search.pstatic.net/common/?src=http%3A%2F%2Fshopping.phinf.naver.net%2Fmain_1677510%2F16775106328.20181226144416.jpg&type=sc960_832', '소떡소떡'),
                                                                      (15, 2, 3000, 'https://search.pstatic.net/common/?src=http%3A%2F%2Fblogfiles.naver.net%2FMjAxODAxMTFfMTY2%2FMDAxNTE1NjQ5NTU4NTky.TJHR968oEiJbKms8EOLdcbDNoMWxuLi5RXRC2H1tDK4g.o5T7hw3uDLaYJINCOhOPsptMzdhhnVKN8IpLj_Vb9RUg.JPEG.ganjinaovo%2F1443444989384.jpeg&type=sc960_832', '타코야끼'),
                                                                      (16, 3, 5000, 'https://search.pstatic.net/common/?src=http%3A%2F%2Fblogfiles.naver.net%2FMjAxOTA1MTVfNjQg%2FMDAxNTU3OTE3Njk0NjU4.O0A7R8Vu-IFXuN0uqBs2mRwsAwo2PIWTc3_2uVAUbwog.7touNX6SGFCPLJvaCiY2otzG8TCOjyteRb5AlKh2sdIg.JPEG.gongju0020%2F%25B1%25E8%25C4%25A1%25BA%25BA%25C0%25BD%25B9%25E4_%25BC%25D2%25B0%25ED%25B1%25E2%25B1%25E8%25C4%25A1%25BA%25BA%25C0%25BD%25B9%25E4IMG_8628.JPG&type=sc960_832', '김치볶음밥'),
                                                                      (17, 3, 5000, 'https://search.pstatic.net/common/?src=http%3A%2F%2Fblogfiles.naver.net%2FMjAxNzAxMTNfMjc3%2FMDAxNDg0Mjk4NjgzODM1.VKudYfKGHcsxJfoCDv2O79kqmn1MlxFiyjhbgzfR_qkg.Ocsr-YDWEdGRqMB0E_EQGlHc1z7dZ9_XV3-wyHQsPtsg.JPEG.jungwondiary%2F%25BB%25F5%25BF%25EC%25BA%25BA%25C0%25BD%25B9%25E41.jpg&type=sc960_832', '새우볶음밥'),
                                                                      (18, 4, 1500, 'https://search.pstatic.net/common/?src=http%3A%2F%2Fshop1.phinf.naver.net%2F20200821_259%2F1597981674303JPbhG_JPEG%2F1597898095AC5C6A5AC38C1E81823C17_img_760.jpg&type=sc960_832', '코카콜라'),
                                                                      (19, 4, 1500, 'https://search.pstatic.net/common/?src=http%3A%2F%2Fshop1.phinf.naver.net%2F20200722_232%2F1595379302716Vx7HD_JPEG%2Fv1.jpg&type=sc960_832', '칠성사이다'),
                                                                      (20, 4, 1500, 'https://search.pstatic.net/common/?src=http%3A%2F%2Fshop1.phinf.naver.net%2F20200707_285%2F1594113710978XMhOt_JPEG%2F8801094203207sum.jpg&type=sc960_832', '스프라이트'),
                                                                      (21, 4, 1500, 'https://search.pstatic.net/common/?src=http%3A%2F%2Fshop1.phinf.naver.net%2F20200707_100%2F1594113635560a79Dc_JPEG%2F8801094113209sum.jpg&type=sc960_832', '환타오렌지'),
                                                                      (22, 4, 1500, 'https://search.pstatic.net/common/?src=http%3A%2F%2Fpost.phinf.naver.net%2FMjAxOTA1MTVfMjcw%2FMDAxNTU3ODk3NzQ0MzAz.Pr44VEnYnQLy-WJ7jpOQ2ttZQaWAbsIBSNIgQIxFnJ8g.0-MMOxf69W_rF8a3MGZP_7Z3bgLsU_ad8JmkLaDiMZwg.JPEG%2FItrzHSI_zK625l-djnNbaeVcJujs.jpg&type=sc960_832', '밀키스'),
                                                                      (23, 4, 1500, 'https://search.pstatic.net/common/?src=http%3A%2F%2Fshop1.phinf.naver.net%2F20200327_189%2F1585272448904gtB64_JPEG%2F22635837245297782_2093848638.jpg&type=sc960_832', '갈아만든배'),
                                                                      (24, 4, 1500, 'https://search.pstatic.net/common/?src=http%3A%2F%2Fshop1.phinf.naver.net%2F20200722_85%2F1595379248995CV67x_JPEG%2Fv1.jpg&type=sc960_832', '웰치스포도'),
                                                                      (25, 5, 1000, 'https://search.pstatic.net/common/?src=http%3A%2F%2Fshop1.phinf.naver.net%2F20170221_117%2Fkakamooka_14876643647689Nlp5_JPEG%2F11929134175752809_-1915193658.jpg&type=sc960_832', '브이콘'),
                                                                      (26, 5, 1500, 'https://search.pstatic.net/common/?src=https%3A%2F%2Fldb-phinf.pstatic.net%2F20160722_222%2F1469166842717X523f_JPEG%2F176672548373190_82.jpeg&type=sc960_832', '치토스'),
                                                                      (27, 5, 1500, 'https://search.pstatic.net/common/?src=http%3A%2F%2Fcafefiles.naver.net%2FMjAxOTEyMDVfMjI2%2FMDAxNTc1NTQ3MzY1Nzg4.Mb1cm4sXHrbkq4pbYvski4iVhSMXJQHDqvi4xQB2oGgg.69EAA918cb88agYs6VvK7FZSuLhlOQ8sHTpnQyjx86Ug.PNG%2F%25BF%25C0%25B8%25AE%25BF%25C2_%25C6%25F7%25C4%25AB%25C4%25A8.png&type=sc960_832', '포카칩'),
                                                                      (28, 5, 1000, 'https://search.pstatic.net/common/?src=http%3A%2F%2Fshopping.phinf.naver.net%2Fmain_2073470%2F20734705119.20190904032209.jpg&type=sc960_832', '뿌셔뿌셔'),
                                                                      (29, 4, 1500, 'https://search.pstatic.net/common/?src=http%3A%2F%2Fshop1.phinf.naver.net%2F20190924_39%2F1569290307693atBOQ_JPEG%2F6642476612314943_1025639687.jpg&type=sc960_832', '비락식혜');